code,company,name,gender,age
0,4You,Roy Braun,male,21
1,4You,Joseph Holsten,male,37
2,4You,Wilma Mcinnis,female,48
3,4You,Paula Daniel,female,23
4,4You,Patricia Carson,female,44
6,4You,Jesse Decelle,male,46
7,4You,Gregoria Gil,female,21
10,4You,Melvin Lovejoy,male,36
11,4You,Virginia Roberts,female,61
12,4You,David Thomas,male,53
14,4You,John Cody,male,37
15,4You,Janice Cudney,female,56
16,4You,Shane Hubner,female,47
19,4You,John Bennett,male,22
20,4You,Sally Roberts,female,65
21,4You,Julia Meinhart,female,56
22,4You,Michele Ashford,female,51
23,4You,Leslie Sandoval,male,35
24,4You,Calvin Cuellar,male,60
25,4You,Elizabeth Smith,female,64
26,4You,Yolanda Connolly,female,49
27,4You,Sean Pearson,male,62
28,4You,April Miller,female,46
29,4You,Lisa Natera,female,35
30,4You,Alberta Bornhorst,female,59
32,4You,Wesley Locker,male,44
33,4You,Ida Turzak,female,56
34,4You,Anita Petersen,female,21
38,4You,Nancy Dowdy,female,47
39,4You,Billie Dwight,female,48
41,4You,Sandra Bissonnette,female,62
42,4You,Robert Collins,male,61
43,4You,Louise James,female,24
44,4You,David Brisco,male,21
45,4You,Margaret Paul,female,54
46,4You,Bobby Garcia,male,42
47,4You,Kevin Lindholm,male,28
48,4You,Clyde Ruiz,male,46
49,4You,Charles Wilenkin,male,55
50,4You,Monique Williams,female,56
51,4You,Jenell Torbus,female,39
52,4You,Joyce Jacobsen,female,55
53,4You,Carol Dixon,female,23
54,4You,Dorothea Delaney,female,21
57,4You,Dorothy Dyson,female,32
58,4You,Ernie Walker,male,37
60,4You,Fred Moreta,male,47
61,4You,Susan Armstrong,female,61
63,4You,Robert Bell,male,22
64,4You,Ann Moore,female,41
67,4You,Melissa Long,female,41
68,4You,Lori Friedman,female,62
70,4You,Charles Lutz,male,57
73,4You,Melissa Emch,female,46
75,4You,Robert Wilhite,male,65
77,4You,Helen Gorman,female,57
79,4You,Margaret Bertholf,female,65
80,4You,Elissa Hubbard,female,45
81,4You,Angela Hill,female,21
82,4You,Matthew Middendorf,male,60
85,4You,Peter Moon,male,39
86,4You,Audrey Atwood,female,30
87,4You,Marie Bowyer,female,30
89,4You,Dixie Perez,female,28
91,4You,Christopher Madden,male,21
92,4You,Donna Day,female,43
96,4You,Mary Clarke,female,40
98,4You,Marie Ruiz,female,23
100,4You,Carla Puskar,female,36
101,4You,James Banks,male,59
102,4You,Henry Muhammad,male,43
103,4You,Judy Church,female,39
104,4You,Stephen Naylor,male,32
105,4You,Richard Haugen,male,31
107,4You,Lisa Martin,female,46
108,4You,Becky Gonzalez,female,58
109,4You,Maria Averitt,female,24
111,4You,Susan Streets,female,63
112,4You,Michael Benincase,male,53
114,4You,Wallace Tenney,male,47
116,4You,Shawn Pennachio,male,59
118,4You,Margaret Renfroe,female,45
119,4You,Justin Bedard,male,38
121,4You,Kim Frederick,male,54
123,4You,Ralph Alzugaray,male,60
124,4You,Rae Austin,female,54
125,4You,Marshall Knight,male,61
128,4You,Alexander Carter,male,58
129,4You,Angela Cooper,female,50
130,4You,Robin Greek,female,65
131,4You,Terry Conteras,female,25
133,4You,Ma New,female,28
134,4You,Anthony Mccaslin,male,54
135,4You,Jeanna Davis,female,45
136,4You,Sabrina Chance,female,53
138,4You,Kathryn Otsuka,female,27
140,4You,Lillian Reyes,female,65
142,4You,Richard Espericueta,male,39
143,4You,Lisa Fitch,female,37
144,4You,Samantha Link,female,53
145,4You,Sandra Cruson,female,30
146,4You,Ruben Flores,male,65
148,4You,Marty Ferguson,male,57
149,4You,Mary Harkness,female,37
152,4You,Elisa Vizcarra,female,42
153,4You,Tona Buri,female,65
154,4You,Rex Velasquez,male,46
156,4You,Shannon Buitron,female,53
158,4You,Benjamin Vanbuskirk,male,52
159,4You,Jack Harris,male,26
161,4You,Abraham Smith,male,62
162,4You,Helen Jordan,female,21
163,4You,Derek Colburn,male,59
164,4You,Tyler Butler,male,35
167,4You,Robert Toney,male,65
168,4You,Lynn Quirk,female,53
171,4You,Wade Cobb,male,49
173,4You,Devin Shaver,male,49
175,4You,Doris Marsh,female,48
176,4You,Eva Grant,female,32
177,4You,Brent Jaynes,male,55
178,4You,Bobby Rutledge,male,36
179,4You,Ellen Brodowski,female,55
180,4You,William Prahm,male,27
182,4You,Donald Anderson,male,29
183,4You,Dean Lindberg,male,42
184,4You,Ronald Giunta,male,60
185,4You,Robert Sherman,male,54
186,4You,Doris Quinones,female,56
187,4You,Merle Gravatt,male,59
188,4You,Donald Kingsley,male,24
189,4You,Nicholas Goodman,male,31
192,4You,Jordan Williams,male,41
193,4You,Jose Carr,male,62
194,4You,William Douthitt,male,37
195,4You,Richard Juarez,male,39
196,4You,Ora Nunez,female,59
197,4You,Roger Chavers,male,23
201,4You,Emerson Martindale,male,41
202,4You,Christopher Schroeder,male,34
203,4You,Gary Lamb,male,46
206,4You,Lisa Mottillo,female,33
207,4You,Mary Breton,female,33
208,4You,Gertrude Fowler,female,37
209,4You,Elvin Wilhoit,male,51
211,4You,Jessica Shepard,female,57
212,4You,David Donovan,male,34
213,4You,Paulette Olney,female,44
214,4You,Bernice Martinez,female,62
218,4You,Marylee Hall,female,60
221,4You,Ruth Nava,female,58
222,4You,Kimberly Plumber,female,21
223,4You,Georgina Trevino,female,36
224,4You,Lucille Merkle,female,65
226,4You,Jennifer Ladner,female,29
228,4You,Robert George,male,29
230,4You,Patricia Pittman,female,35
231,4You,Ronnie Stauffer,male,50
232,4You,Linda Pelaez,female,29
233,4You,Anna Broyles,female,63
234,4You,Antonia Mcrae,female,45
235,4You,Bonnie Martinez,female,49
237,4You,Sylvia Etheridge,female,47
238,4You,Charles Baker,male,38
239,4You,Julie Berman,female,51
241,4You,Sonia Malaspina,female,63
242,4You,Ray Johnson,male,56
244,4You,Opal Valles,female,45
245,4You,Jacqueline Sabir,female,40
246,4You,Dorothy Richardson,female,33
248,4You,Monica Chafin,female,49
249,4You,George Sapp,male,26
250,4You,Jeff Veno,male,38
251,4You,Tommy Burns,male,25
253,4You,Barbara Knight,female,41
255,4You,Arthur Hoag,male,31
257,4You,Carolyn Miller,female,39
258,4You,Walter Letchworth,male,35
262,4You,Ramon Santistevan,male,33
264,4You,Prince Webster,male,40
265,4You,Patricia Ives,female,30
266,4You,Larry Decker,male,45
267,4You,Patricia Elwell,female,40
270,4You,Dustin Owens,male,51
271,4You,Scott Schreyer,male,63
272,4You,Genevieve May,female,56
273,4You,John Evans,male,52
274,4You,Alejandro Perry,male,61
278,4You,Willie Lopez,male,36
279,4You,Mildred Jackson,female,49
280,4You,Stephen Diaz,male,26
283,4You,Barbara Faust,female,42
284,4You,Adam Pittman,male,32
286,4You,Ellen Hanks,female,43
289,4You,Ethel Duffy,female,34
291,4You,Larry Dupree,male,36
294,4You,Dawn Harris,female,22
295,4You,Jenna Center,female,60
298,4You,Gary Schwab,male,29
302,4You,Anne Brown,female,42
303,4You,Richard Gomez,male,56
304,4You,James Lord,male,32
305,4You,Sarah Willis,female,50
307,4You,Robert Legros,male,59
308,4You,Doris Ramirez,female,27
309,4You,David Robinson,male,33
312,4You,Ulysses Barker,male,40
313,4You,Judith Pierce,female,23
314,4You,Matthew Johnson,male,50
316,4You,Charlotte Johnson,female,64
317,4You,Adam Groome,male,54
319,4You,Anthony Jarrett,male,28
320,4You,Reginald Doherty,male,33
322,4You,Wallace Gallardo,male,56
323,4You,Jean Obrien,female,53
326,4You,Marian Dunn,female,63
327,4You,Vanessa Nobles,female,32
328,4You,Tracy Mccracken,female,53
329,4You,Amanda Hanson,female,46
331,4You,Edward Grayson,male,41
334,4You,Mitchell Goss,male,45
336,4You,Edith Franco,female,22
338,4You,Randy Sao,male,65
339,4You,Stephen Midgett,male,33
342,4You,Tina Tomasek,female,22
343,4You,Eric Fuller,male,47
344,4You,Gary Hanson,male,33
346,4You,Jeffrey Forester,male,57
347,4You,Keith Sherman,male,35
348,4You,Mathilde Boone,female,52
349,4You,Isabel Guthrie,female,36
350,4You,Sam Abernathy,male,25
352,4You,Alicia Watts,female,36
353,4You,Ricky Baker,male,57
355,4You,Debra Bailey,female,61
357,4You,Kathryn Childress,female,37
358,4You,Rickey Orouke,male,46
359,4You,Virgil Hauck,male,48
360,4You,William Williams,male,49
361,4You,Curtis Sexton,male,33
362,4You,Kyle Young,male,59
363,4You,Abby Small,female,25
364,4You,Kristina Schuetz,female,48
365,4You,Eunice Burns,female,24
368,4You,Mark Nemec,male,25
369,4You,Bart Haverstock,male,21
373,4You,Jame Carter,female,65
374,4You,Kristopher Runyon,male,25
376,4You,Dale Mazur,male,47
377,4You,Larry Faron,male,24
381,4You,Victor Remington,male,52
384,4You,Eulalia White,female,45
385,4You,Jeffery Gill,male,53
386,4You,Katlyn Hsiao,female,44
388,4You,Virgie Humphrys,female,23
391,4You,Philip Robertson,male,49
392,4You,Cameron Williams,male,27
393,4You,Kelly Subido,female,23
395,4You,Caroline Eaton,female,49
396,4You,Douglas Shields,male,39
397,4You,Robert Clark,male,28
398,4You,Christine Spillane,female,29
399,4You,Shirley Blacklock,female,36
400,4You,Cathy Childs,female,52
402,4You,Philip Rose,male,48
406,4You,William Jemmott,male,21
407,4You,Fernande Conover,female,25
411,4You,Debbie Green,female,24
413,4You,Clifford Fagen,male,63
416,4You,Mary Rivera,female,37
420,4You,April Williams,female,46
423,4You,Sandra Sawin,female,21
424,4You,Diana Mcelrath,female,59
425,4You,Dorothy Martin,female,61
427,4You,Margaret Morley,female,63
429,4You,Brian Zimmermann,male,44
430,4You,Sharyl Simmons,female,36
432,4You,Linda Speight,female,52
434,4You,Johnny Odom,male,29
435,4You,Eric Barakat,male,57
438,4You,Michael Stroik,male,44
441,4You,Robert Coronado,male,32
442,4You,Renee Brock,female,24
443,4You,Alberto Hamner,male,24
445,4You,Laura Burns,female,23
446,4You,Henry Burkhard,male,46
448,4You,Marion Casey,female,28
449,4You,Valerie Gonzalez,female,61
451,4You,Derick Krausz,male,46
455,Monsters CYA,Dana Looney,female,56
456,Monsters CYA,Gertrude Rice,female,36
457,Monsters CYA,Leonel Richardson,male,49
458,Monsters CYA,Donald Jansen,male,22
459,Monsters CYA,Joseph Silva,male,50
460,Monsters CYA,William Washington,male,63
461,Monsters CYA,Ma Hall,female,63
462,Monsters CYA,David Leone,male,43
464,Monsters CYA,Zachary Richardson,male,60
466,Monsters CYA,Walter Ortiz,male,52
467,Monsters CYA,Justin Emmons,male,31
468,Monsters CYA,Robert Terrell,male,47
470,Monsters CYA,Ima Borne,female,23
471,Monsters CYA,Norma Brady,female,26
472,Monsters CYA,Helen Heavilin,female,28
473,Monsters CYA,Anita Smothers,female,48
474,Monsters CYA,Dorothy Sample,female,48
475,Monsters CYA,Cindy Sullivan,female,44
476,Monsters CYA,Major Girard,male,31
480,Monsters CYA,Donna Koonce,female,32
482,Monsters CYA,William Northey,male,31
484,Monsters CYA,Julie Bourgeois,female,44
488,Monsters CYA,Sonja Bell,female,56
491,Monsters CYA,Lazaro Jordan,male,65
492,Monsters CYA,Scott Chavez,male,36
493,Monsters CYA,Artie Ladner,female,48
494,Monsters CYA,Steven Colon,male,31
495,Monsters CYA,Robert Carpenter,male,44
497,Monsters CYA,Christopher Cooper,male,60
498,Monsters CYA,Melvin Wineland,male,64
499,Monsters CYA,Andrew Sperdute,male,62
500,Monsters CYA,Edward Zahner,male,42
501,Monsters CYA,Amy Ruff,female,21
503,Monsters CYA,Mark Smith,male,30
505,Monsters CYA,Arthur Acevedo,male,24
506,Monsters CYA,David Grady,male,61
507,Monsters CYA,Thomas Coleman,male,57
508,Monsters CYA,Gwen Payne,female,64
511,Monsters CYA,Wilma Prescott,female,32
512,Monsters CYA,Juanita Baker,female,52
513,Monsters CYA,Kia Rodriguez,female,64
514,Monsters CYA,Myesha Taranto,female,41
516,Monsters CYA,Julie Hamson,female,47
518,Monsters CYA,James White,male,25
519,Monsters CYA,Alan Ferebee,male,32
520,Monsters CYA,Bobby Alex,male,30
521,Monsters CYA,Alicia Cedar,female,29
522,Monsters CYA,Wilfred Briggs,male,55
524,Monsters CYA,Linda Parks,female,50
527,Monsters CYA,Elma Gonzales,female,40
528,Monsters CYA,Frances Kendall,female,34
529,Monsters CYA,Gary Pietrafesa,male,34
532,Monsters CYA,Florence Wilson,female,42
534,Monsters CYA,James Perez,male,21
535,Monsters CYA,Joann Mccrossen,female,28
538,Monsters CYA,Marlene Worrell,female,55
543,Monsters CYA,Bianca Fitz,female,51
545,Monsters CYA,Kenneth Jump,male,46
546,Monsters CYA,Abdul Vogus,male,46
548,Monsters CYA,Frances Vidal,female,29
549,Monsters CYA,Margaret Orellana,female,24
553,Monsters CYA,Diego Boday,male,50
554,Monsters CYA,Georgia King,female,27
555,Monsters CYA,Yolanda Edwards,female,34
556,Monsters CYA,Jonathan Dickens,male,48
559,Monsters CYA,Betty Ollie,female,64
560,Monsters CYA,Pedro Lewis,male,32
561,Monsters CYA,Minnie Lesane,female,30
566,Monsters CYA,Elma Depaz,female,29
567,Monsters CYA,Darlene Blosser,female,53
569,Monsters CYA,Timothy Grady,male,28
571,Monsters CYA,Nathan Ponder,male,43
572,Monsters CYA,Robert Carrell,male,64
575,Monsters CYA,Lucy Pagel,female,42
576,Monsters CYA,Chad Langevin,male,22
578,Monsters CYA,Naomi Bartz,female,22
579,Monsters CYA,Ruby Lewis,female,31
580,Monsters CYA,Javier Anthony,male,24
581,Monsters CYA,Jennie Klein,female,35
582,Monsters CYA,Irene Land,female,62
584,Monsters CYA,Michael Jenkins,male,37
585,Monsters CYA,Clara Taylor,female,63
586,Monsters CYA,Gregory Thiboutot,male,39
587,Monsters CYA,David Edelson,male,34
590,Monsters CYA,Jennifer Cargo,female,22
591,Monsters CYA,Veronica Salgado,female,65
593,Monsters CYA,Matthew Kellogg,male,38
594,Monsters CYA,Jason Woods,male,30
595,Monsters CYA,Maureen Burns,female,34
596,Monsters CYA,Dolores Huffman,female,55
597,Monsters CYA,Raymond Varner,male,36
598,Monsters CYA,Amy Baumann,female,57
599,Monsters CYA,Leroy Harris,male,47
601,Monsters CYA,Seth Mcclellan,male,32
602,Monsters CYA,Renita Smith,female,50
605,Monsters CYA,Robert Santos,male,36
606,Monsters CYA,David Evans,male,54
607,Monsters CYA,Laurie Fine,female,65
609,Monsters CYA,Kerri Jones,female,57
611,Monsters CYA,Heather Chambers,female,47
612,Monsters CYA,Myra Rivera,female,57
613,Monsters CYA,Isiah Enriquez,male,53
614,Monsters CYA,Anna Zurita,female,41
615,Monsters CYA,Stanley Norris,male,64
616,Monsters CYA,Jessica Kinsey,female,40
617,Monsters CYA,William Miller,male,57
618,Monsters CYA,Juanita Deno,female,58
619,Monsters CYA,Clifton Parsons,male,45
621,Monsters CYA,Kenneth Vue,male,55
622,Monsters CYA,Daniel Bollman,male,38
624,Monsters CYA,Tracy Brown,female,44
625,Monsters CYA,Elizabeth Srinvasan,female,61
626,Monsters CYA,Lora Jarman,female,22
627,Monsters CYA,Michael Sigmon,male,47
628,Monsters CYA,Anthony Watson,male,53
630,Monsters CYA,Mary Depalma,female,47
633,Monsters CYA,Lori Mcknight,female,44
634,Monsters CYA,Frank Papa,male,33
635,Monsters CYA,Kimberly Barclay,female,48
637,Monsters CYA,Robert Pratt,male,28
639,Monsters CYA,Edna Boyette,female,43
641,Monsters CYA,Ashley Servais,female,26
642,Monsters CYA,Gary Kearney,male,55
643,Monsters CYA,David Lucas,male,50
644,Monsters CYA,Rita Field,female,49
648,Wonka Company,Ethel Dalton,female,31
651,Wonka Company,Brett Ahart,male,34
655,Wonka Company,Aaron Feliciano,male,60
656,Wonka Company,Kenneth Quick,male,33
657,Wonka Company,Leta Garber,female,45
658,Wonka Company,Bryce Gearing,male,22
659,Wonka Company,Juan Kloke,male,57
661,Wonka Company,David Michl,male,30
662,Wonka Company,Everett Schlesener,male,57
663,Wonka Company,Michelle Richey,female,49
664,Wonka Company,Janet Romero,female,28
666,Wonka Company,Ronald Barrett,male,22
667,Wonka Company,Clayton Cline,male,39
669,Wonka Company,Shari Reynolds,female,54
671,Wonka Company,Pedro Woodbury,male,65
672,Wonka Company,Patricia Mcdonald,female,45
675,Wonka Company,Carol Cobb,female,39
676,Wonka Company,Mary Burkett,female,22
677,Wonka Company,Bernard Park,male,48
679,Wonka Company,Tim Ransom,male,47
681,Wonka Company,Myrtle Churchill,female,51
683,Wonka Company,Loma Walker,female,25
684,Wonka Company,Robert Mitchell,male,49
685,Wonka Company,Michael Shields,male,33
686,Wonka Company,Joyce Seifert,female,56
687,Wonka Company,Lora Perez,female,23
688,Wonka Company,John Orr,male,27
690,Wonka Company,William Glancy,male,64
691,Wonka Company,Rhonda Hauck,female,25
692,Wonka Company,Mike Grimmett,male,50
693,Wonka Company,Pauline Huff,female,59
695,Wonka Company,Clement Johnson,male,59
696,Wonka Company,Michael Nutt,male,21
697,Wonka Company,Donald Clairmont,male,62
698,Wonka Company,Susan Anderson,female,51
699,Wonka Company,Kevin Lamb,male,43
700,Wonka Company,John Mcvey,male,28
701,Wonka Company,Evelyn Murawski,female,41
702,Wonka Company,Joseph Clymer,male,38
704,Wonka Company,Kevin Chiang,male,52
705,Wonka Company,Shirley Smith,female,32
707,Wonka Company,Arthur Hendrix,male,37
708,Wonka Company,Gary Heard,male,53
710,Wonka Company,Cynthia Mekee,female,31
711,Wonka Company,Esther Odonnell,female,32
712,Wonka Company,Kristin Davis,female,45
713,Wonka Company,Harvey Craig,male,42
715,Wonka Company,Martha Smith,female,27
716,Wonka Company,Charles Mullins,male,46
717,Wonka Company,Mary Kelly,female,41
718,Wonka Company,Brooke Gilbert,female,57
719,Wonka Company,Cory Ruiz,male,64
721,Wonka Company,Gregory Huntington,male,41
723,Wonka Company,Charles Morgan,male,34
724,Wonka Company,Elizabeth Gastelum,female,34
726,Wonka Company,David Bowers,male,34
727,Wonka Company,Jeffrey Collazo,male,25
729,Wonka Company,Hattie Martin,female,55
730,Wonka Company,Lori Gonzalez,female,32
731,Wonka Company,Linda Goodson,female,51
732,Wonka Company,Vickie Nave,female,42
734,Wonka Company,Ronald Pierson,male,34
735,Wonka Company,William Mckay,male,36
736,Wonka Company,Shawn Hacker,female,57
738,Wonka Company,Luciano Harris,male,58
739,Wonka Company,Adrianne Pierre,female,53
740,Wonka Company,Milton Stanley,male,50
742,Wonka Company,Anna Willis,female,22
743,Wonka Company,Mckenzie Dougherty,female,60
744,Wonka Company,Carmen Delisi,male,26
745,Wonka Company,Elizabeth Hewitt,female,53
747,Wonka Company,Ruth Bennett,female,51
748,Wonka Company,Bradley Rhodes,male,47
749,Wonka Company,Ernest Reyes,male,55
750,Wonka Company,Kathleen Tsang,female,41
752,Wonka Company,James Pizarro,male,64
753,Wonka Company,Eric Capps,male,51
754,Wonka Company,Barry Smithers,male,49
756,Wonka Company,Connie Stokes,female,27
757,Wonka Company,Muriel Booth,female,38
758,Wonka Company,William Garcia,male,64
759,Wonka Company,Robert Schrader,male,27
760,Wonka Company,Andrew Stoddard,male,44
761,Wonka Company,Ralph Paquin,male,31
762,Wonka Company,Viola Munoz,female,35
765,Wonka Company,Nancy Fanno,female,40
766,Wonka Company,Anthony Young,male,30
767,Wonka Company,Keely Rice,female,25
769,Wonka Company,Susan Lacy,female,50
770,Wonka Company,Bobbie Murray,female,51
773,Wonka Company,Edna Clyne,female,56
774,Wonka Company,Micheal Blakely,male,43
775,Wonka Company,Frances Bass,female,27
776,Wonka Company,Sharon Fontenot,female,48
780,Wonka Company,Ashley Moon,female,40
781,Wonka Company,James Sanchez,male,30
785,Wonka Company,James Wells,male,24
786,Wonka Company,Krista Vandyke,female,29
787,Wonka Company,Jessie Tu,female,43
789,Wonka Company,Katharine Perry,female,54
791,Wonka Company,Donald Hysmith,male,50
792,Wonka Company,Brent Williams,male,44
793,Wonka Company,Regina Garza,female,29
794,Wonka Company,Beatrice Curtis,female,31
795,Wonka Company,Eric Ison,male,52
797,Wonka Company,Andre Harris,male,22
798,Wonka Company,John Byrne,male,64
799,Wonka Company,Edwina Zamora,female,56
800,Wonka Company,Linda Hixon,female,42
801,Wonka Company,Ronald Foley,male,63
803,Wonka Company,Charlotte Foster,female,40
806,Wonka Company,Amy Coppage,female,52
807,Wonka Company,John Isaksen,male,23
808,Wonka Company,Judy Williams,female,27
809,Wonka Company,Davina Tyler,female,22
810,Wonka Company,Louise Hoffman,female,58
811,Wonka Company,Therese Behne,female,59
812,Wonka Company,Allan Mclaughlin,male,46
813,Wonka Company,Shani Stutz,female,64
814,Wonka Company,Martha Powell,female,46
815,Wonka Company,Monica Mcintyre,female,45
817,Wonka Company,Charlotte Mcneal,female,44
818,Wonka Company,Ralph Macdonald,male,60
819,Wonka Company,Linda Cunningham,female,55
820,Wonka Company,Walter Johnson,male,44
821,Wonka Company,Deborah Ryan,female,35
822,Wonka Company,Frankie Ortega,female,54
825,Wonka Company,Karen Gilley,female,35
826,Wonka Company,Chris Gregory,male,44
827,Wonka Company,James Lubin,male,54
828,Wonka Company,Thomas Chary,male,23
829,Wonka Company,William Johnson,male,50
830,Wonka Company,Carlos Hernandez,male,32
831,Wonka Company,Dorothy Lawrence,female,28
832,Wonka Company,Richard Ware,male,55
834,Wonka Company,Carlos Lanier,male,58
835,Wonka Company,Phyllis Morse,female,46
836,Wonka Company,Edward Amsterdam,male,36
837,Wonka Company,Harold Uren,male,50
838,Wonka Company,Rosemary Kelly,female,23
839,Wonka Company,Ben Brummer,male,55
842,Wonka Company,Lavinia Hankey,female,32
843,Wonka Company,Michael Dabbs,male,29
844,Wonka Company,Brian Morales,male,56
846,Wonka Company,Thomas Cagle,male,42
848,Wonka Company,Patrick Henderson,male,37
849,Wonka Company,Lisa Castro,female,25
850,Wonka Company,Mike Williamson,male,63
852,Wonka Company,Kaitlyn Wood,female,57
853,Wonka Company,Fred Bergeson,male,40
856,Wonka Company,Jake Rollo,male,60
858,Wonka Company,Helen Baker,female,31
859,Wonka Company,Reyna Nelson,female,32
860,Wonka Company,Trent Hughes,male,33
865,Wonka Company,Gary Thurston,male,49
866,Wonka Company,Yvonne Ahmad,female,46
867,Wonka Company,John Rivera,male,40
868,Wonka Company,Eric Galioto,male,37
869,Wonka Company,Jose Bowen,male,65
871,Wonka Company,Ruben Beezley,male,21
873,Wonka Company,William Lindsey,male,27
875,Wonka Company,John White,male,61
876,Wonka Company,John Harris,male,22
877,Wonka Company,Kevin Gay,male,48
879,Wonka Company,Tyler Eddy,male,65
880,Wonka Company,Alejandro Hess,male,61
881,Wonka Company,Marlene Williams,female,42
882,Wonka Company,Kimberlee Knipper,female,58
883,Wonka Company,Laura Webb,female,46
885,Acme Factory,Erma Smith,female,28
887,Acme Factory,Candida Marrs,female,46
888,Acme Factory,James Ayala,male,23
890,Acme Factory,Tyler Jones,male,58
891,Acme Factory,Carolyn Caldwell,female,31
892,Acme Factory,Tanya Norman,female,23
894,Acme Factory,Ashley Miller,female,24
895,Acme Factory,Alex Fratta,male,33
896,Acme Factory,Josephine Sigmon,female,50
897,Acme Factory,Thomas Smith,male,59
898,Acme Factory,Edwin Miller,male,29
900,Acme Factory,Darin Lopez,male,35
905,Acme Factory,John Curtiss,male,53
906,Acme Factory,Mario Mendoza,male,41
908,Acme Factory,Mary Worley,female,56
910,Acme Factory,William Anderson,male,59
911,Acme Factory,Eric Starkey,male,47
912,Acme Factory,Nicole Gray,female,43
913,Acme Factory,Elsa Wagner,female,37
914,Acme Factory,Jeffrey Ramage,male,40
915,Acme Factory,Beau Butler,male,56
916,Acme Factory,Clifford Gonzalez,male,33
917,Acme Factory,Claude Ramos,male,46
918,Acme Factory,Jennifer Gray,female,24
919,Acme Factory,Robert Luther,male,52
920,Acme Factory,Vincent Reyna,male,65
922,Acme Factory,Earl Collins,male,31
924,Acme Factory,Marie Witt,female,45
926,Acme Factory,Bertha Garcia,female,28
927,Acme Factory,Dolores Chambers,female,55
928,Acme Factory,Sonia Walsh,female,24
929,Acme Factory,Ann Pope,female,37
930,Acme Factory,Juan Steinberg,male,39
931,Acme Factory,Michael Whitmire,male,56
932,Acme Factory,Theresa Smith,female,43
934,Acme Factory,Harvey Violette,male,25
935,Acme Factory,Santo Christ,male,46
936,Acme Factory,Mary Everts,female,51
939,Acme Factory,Timothy Taylor,male,37
941,Acme Factory,Wendy Ferguson,female,57
945,Acme Factory,Kirk Mccormick,male,55
947,Acme Factory,Beth Bloodsaw,female,43
948,Acme Factory,Phyllis Flynn,female,36
949,Acme Factory,Regan Edwards,female,54
950,Acme Factory,Ivan Henton,male,32
951,Acme Factory,Kathleen Glass,female,35
952,Acme Factory,Nathan Binder,male,30
953,Acme Factory,Jeffrey Sutton,male,55
954,Acme Factory,James Potts,male,52
955,Acme Factory,Tad Corry,male,27
956,Acme Factory,Clarence Gracely,male,51
957,Acme Factory,Charles Zoutte,male,64
958,Acme Factory,Glenn Jenkins,male,51
960,Acme Factory,Theresa Guttmann,female,33
961,Acme Factory,Howard Price,male,34
962,Acme Factory,Tiffany Behm,female,46
963,Acme Factory,Robert Taylor,male,54
964,Acme Factory,Ernest Bybee,male,62
966,Acme Factory,Steven Armstrong,male,54
968,Acme Factory,Martha Cole,female,41
969,Acme Factory,Christopher Marquez,male,27
970,Acme Factory,Juan Flood,male,35
971,Acme Factory,Mona Wilson,female,58
973,Acme Factory,Kathleen Fernandez,female,64
974,Acme Factory,Katina Filion,female,50
976,Acme Factory,Maria Peterson,female,62
978,Acme Factory,Melanie Mcquistion,female,35
979,Acme Factory,Joshua Hurdle,male,42
980,Acme Factory,Bill Cotton,male,42
982,Acme Factory,Clarence Mcintosh,male,57
983,Acme Factory,Daniel Marin,male,43
985,Acme Factory,Laura Ramirez,female,42
988,Acme Factory,Tosha Hilton,female,36
989,Acme Factory,William Battey,male,28
990,Acme Factory,Lorriane Potts,female,48
991,Acme Factory,Daniel Kraham,male,62
992,Acme Factory,Claudia Liang,female,27
993,Acme Factory,Shirley Baldwin,female,38
994,Acme Factory,Marion Deleon,female,26
997,Acme Factory,Shirley Rowles,female,39
1001,Acme Factory,Josephine Strasser,female,21
1002,Acme Factory,Nancy Kramer,female,55
1003,Acme Factory,Wanda Underwood,female,38
1005,Acme Factory,Tara Moore,female,54
1007,Acme Factory,Shirley Barnhill,female,51
1010,Acme Factory,Donald Bennett,male,61
1012,Acme Factory,Marvel Gill,female,46
1013,Acme Factory,Lydia Estrella,female,31
1016,Acme Factory,Nola Harris,female,54
1017,Acme Factory,Duane Norton,male,47
1018,Acme Factory,Elke Cavallaro,female,31
1019,Acme Factory,Doris Irby,female,31
1020,Acme Factory,Trina Smith,female,34
1021,Acme Factory,Martha Calhoun,female,58
1023,Acme Factory,Robert Avila,male,54
1025,Acme Factory,Steven Napier,male,57
1026,Acme Factory,Ted Bonneau,male,44
1028,Acme Factory,Jonathan Crawford,male,59
1029,Acme Factory,Steven Carlisle,male,43
1033,Acme Factory,Chad Treisch,male,53
1034,Acme Factory,Alton Jastrebski,male,32
1036,Acme Factory,Helen Hammond,female,60
1037,Acme Factory,Amanda Kohn,female,40
1038,Acme Factory,Alice Hernandez,female,46
1039,Acme Factory,Laura Jaynes,female,44
1040,Acme Factory,Jean Duke,male,36
1041,Acme Factory,Mike Casillas,male,33
1042,Acme Factory,Juan Pearson,male,65
1044,Acme Factory,Adam Clasen,male,27
1048,Acme Factory,Grace Martin,female,27
1049,Acme Factory,Nannie Warren,female,53
1051,Acme Factory,Catalina Rosario,female,57
1053,Acme Factory,Paul Hovermale,male,46
1054,Acme Factory,Leslie Rosas,female,38
1056,Acme Factory,Guy Love,male,37
1057,Acme Factory,Mark Harris,male,50
1058,Acme Factory,Charles Gibbons,male,44
1061,Acme Factory,Lisa Treadway,female,31
1062,Acme Factory,Gilbert Burroughs,male,27
1064,Acme Factory,Mark Brownfield,male,63
1065,Acme Factory,Casey Joos,male,60
1066,Acme Factory,Virginia Walker,female,43
1067,Acme Factory,Rosita Dorsch,female,36
1068,Acme Factory,Melissa Morrison,female,61
1069,Acme Factory,Luther Campbell,male,49
1070,Acme Factory,Darren Rice,male,26
1072,Acme Factory,Glenna Ernst,female,47
1073,Acme Factory,Monika Lightner,female,62
1074,Acme Factory,Judy Dickie,female,34
1076,Acme Factory,Camille Bosley,female,47
1079,Acme Factory,Hortensia Finch,female,62
1080,Acme Factory,Ramon Shoji,male,53
1081,Acme Factory,Albert Sparks,male,58
1082,Acme Factory,Jonathan Partlow,male,37
1084,Acme Factory,Gregory Clay,male,59
1085,Acme Factory,Rose Snow,female,23
1087,Acme Factory,Sona Paolucci,female,52
1088,Acme Factory,Jack Gold,male,24
1091,Acme Factory,Richard Mcdaries,male,22
1092,Acme Factory,Bryon Denton,male,38
1093,Acme Factory,Todd Morgan,male,24
1094,Acme Factory,Arlene Suk,female,25
1095,Acme Factory,Sam Donnelly,male,26
1096,Acme Factory,Rosemary Finnell,female,29
1098,Acme Factory,Lyman Aguinaldo,male,61
1099,Acme Factory,Joseph Nitz,male,36
1101,Acme Factory,Kristin Gaiser,female,58
1103,Acme Factory,Bernice Baker,female,23
1106,Acme Factory,Dwight Hammers,male,34
1107,Acme Factory,Hildegard Gerlach,female,40
1108,Acme Factory,Jennifer Ferrer,female,65
1109,Acme Factory,Gregory Fiorini,male,28
1111,Acme Factory,Agnes Allen,female,61
1113,Acme Factory,Travis Cordell,male,44
1114,Acme Factory,Sandra Wang,female,50
1115,Acme Factory,Naomi Varner,female,58
1116,Acme Factory,Henry Korczynski,male,21
1118,Acme Factory,Emanuel Ross,male,47
1120,Acme Factory,Josephine Underwood,female,56
1121,Acme Factory,Carrie Weir,female,43
1122,Acme Factory,Kevin Summers,male,43
1123,Acme Factory,Heath Lapierre,male,33
1124,Acme Factory,Claude Hiatt,male,24
1125,Acme Factory,Rebecca Englert,female,50
1126,Acme Factory,Walter Bernat,male,27
1127,Acme Factory,Holly Payton,female,46
1129,Acme Factory,Melvin Griggs,male,48
1131,Acme Factory,Aaron Dyson,male,28
1132,Acme Factory,Shannon Venegas,female,38
1133,Acme Factory,Brady Harris,male,57
1135,Acme Factory,Jessica Sancho,female,38
1137,Acme Factory,Jessica Christensen,female,47
1138,Acme Factory,Leonora Davis,female,26
1139,Acme Factory,Marcos Kirk,male,34
1140,Acme Factory,Nathan Robertson,male,58
1141,Acme Factory,Anthony Doggett,male,28
1142,Acme Factory,Larry Gonzales,male,36
1144,Acme Factory,Norbert Covington,male,30
1146,Umbrella LTDA,Cynthia Espinal,female,63
1147,Umbrella LTDA,Bradley Slaughter,male,33
1148,Umbrella LTDA,Laurel Rodriguez,female,45
1149,Umbrella LTDA,Troy Gates,male,59
1151,Umbrella LTDA,Kathy Le,female,29
1152,Umbrella LTDA,Daniel Swanger,male,31
1153,Umbrella LTDA,Joyce Holsten,female,42
1154,Umbrella LTDA,Amy Miller,female,28
1155,Umbrella LTDA,Megan Anderson,female,59
1156,Umbrella LTDA,Michael Mitchell,male,31
1157,Umbrella LTDA,Vilma Gehring,female,58
1158,Umbrella LTDA,Kristyn Vincent,female,39
1159,Umbrella LTDA,Crystal Fontaine,female,40
1160,Umbrella LTDA,Garth Alvarez,male,47
1161,Umbrella LTDA,Mildred Correa,female,47
1162,Umbrella LTDA,Donnie Taylor,male,36
1163,Umbrella LTDA,Robert Chalker,male,44
1164,Umbrella LTDA,John Brooks,male,39
1165,Umbrella LTDA,Shonna Humpherys,female,61
1166,Umbrella LTDA,John Watson,male,32
1167,Umbrella LTDA,Richard Kiani,male,21
1168,Umbrella LTDA,Myrtle Johnson,female,31
1169,Umbrella LTDA,Edward Jablonski,male,50
1170,Umbrella LTDA,William Henslee,male,62
1171,Umbrella LTDA,Nichelle Kercher,female,38
1172,Umbrella LTDA,Margaret Lee,female,21
1176,Umbrella LTDA,Christopher Allred,male,31
1177,Umbrella LTDA,Brenda Faulk,female,59
1178,Umbrella LTDA,Matthew Sell,male,37
1179,Umbrella LTDA,Veronica Mcnear,female,43
1183,Umbrella LTDA,Robin Taylor,male,28
1185,Umbrella LTDA,Andrew Neely,male,47
1186,Umbrella LTDA,Wilson Kellam,male,56
1187,Umbrella LTDA,Cody Foster,male,27
1189,Umbrella LTDA,Jame Weber,male,50
1190,Umbrella LTDA,Matthew Lewis,male,21
1191,Umbrella LTDA,Charles Plotkin,male,51
1192,Umbrella LTDA,Danny Henderson,male,32
1195,Umbrella LTDA,Sandra Newsome,female,35
1200,Umbrella LTDA,Alicia Gilchrist,female,62
1201,Umbrella LTDA,Samuel Bejarano,male,36
1204,Umbrella LTDA,Andrew Gonzales,male,35
1205,Umbrella LTDA,Julee Ruper,female,36
1206,Umbrella LTDA,Richard Warren,male,64
1207,Umbrella LTDA,Robert Fulcher,male,25
1208,Umbrella LTDA,Kyle Jewell,male,42
1211,Umbrella LTDA,Keely Richardson,female,31
1212,Umbrella LTDA,Frances Workman,female,39
1214,Umbrella LTDA,Lydia Goff,female,28
1215,Umbrella LTDA,Zoe Ruiz,female,24
1219,Umbrella LTDA,Brian Walker,male,26
1221,Umbrella LTDA,Clifton Phillips,male,33
1222,Umbrella LTDA,Steven Smith,male,64
1225,Umbrella LTDA,Danielle Williams,female,27
1226,Umbrella LTDA,Sandy Ayala,male,22
1227,Umbrella LTDA,Danny Pitpitan,male,35
1228,Umbrella LTDA,Jerry Warman,male,22
1229,Umbrella LTDA,Wilson Lawler,male,35
1230,Umbrella LTDA,Daniel Terry,male,32
1231,Umbrella LTDA,Clarence Carleton,male,53
1232,Umbrella LTDA,Christine Fuller,female,63
1233,Umbrella LTDA,Betty Amos,female,60
1234,Umbrella LTDA,Kayla Henkes,female,62
1237,Umbrella LTDA,Kathryn Allen,female,55
1239,Umbrella LTDA,Vanessa Mckay,female,23
1240,Umbrella LTDA,Scott Evans,male,48
1241,Umbrella LTDA,Frances Anderson,female,62
1243,Umbrella LTDA,Terri Mario,female,64
1245,Umbrella LTDA,Sandra Fisher,female,39
1248,Umbrella LTDA,Mathew Marin,male,23
1249,Umbrella LTDA,Eleanor Washington,female,42
1250,Umbrella LTDA,Lisa Beaman,female,53
1251,Umbrella LTDA,Patrick Warfield,male,58
1254,Umbrella LTDA,Lorraine Langston,female,59
1255,Umbrella LTDA,Addie Jones,female,37
1256,Umbrella LTDA,Francisco Sierra,male,28
1257,Umbrella LTDA,Andre Chambers,male,31
1258,Umbrella LTDA,Daniel Williams,male,32
1263,Umbrella LTDA,Susan Fassino,female,29
1264,Umbrella LTDA,George Herring,male,28
1265,Umbrella LTDA,Lisa Strickland,female,50
1266,Umbrella LTDA,Patricia Albino,female,58
1267,Umbrella LTDA,Robert Leek,male,44
1268,Umbrella LTDA,Kathleen Heller,female,46
1269,Umbrella LTDA,Debra Stubbs,female,60
1271,Umbrella LTDA,Jessica Hoskins,female,61
1272,Umbrella LTDA,Deborah Keiser,female,61
1273,Umbrella LTDA,Mary Cline,female,36
1275,Umbrella LTDA,Randall Vanhoose,male,39
1276,Umbrella LTDA,David Mankey,male,49
1277,Umbrella LTDA,Paul Shields,male,37
1278,Umbrella LTDA,Wayne Williams,male,35
1281,Umbrella LTDA,Shirley Ortiz,female,63
1282,Umbrella LTDA,John Martindale,male,30
1284,Umbrella LTDA,June Chynoweth,female,47
1285,Umbrella LTDA,Bill Wright,male,37
1286,Umbrella LTDA,Beverly Campbell,female,64
1287,Umbrella LTDA,Lorene Mason,female,58
1289,Umbrella LTDA,Shirley Oneal,female,24
1290,Umbrella LTDA,William Sabir,male,32
1291,Umbrella LTDA,Bonnie Miller,female,56
1292,Umbrella LTDA,Nicole Conroy,female,32
1294,Umbrella LTDA,John Moroney,male,34
1295,Umbrella LTDA,Lauren Reynolds,female,46
1296,Umbrella LTDA,Julie Lefebvre,female,59
1297,Umbrella LTDA,Kathleen Griggs,female,49
1298,Umbrella LTDA,Lori Barbour,female,32
1300,Umbrella LTDA,Cynthia Noguera,female,30
1301,Umbrella LTDA,Joseph Turner,male,57
1302,Umbrella LTDA,Marilee Thompson,female,63
1303,Umbrella LTDA,Douglas Kreider,male,59
1304,Umbrella LTDA,Daniel Chobot,male,57
1305,Umbrella LTDA,Sandra Cutlip,female,51
1306,Umbrella LTDA,David Trost,male,40
1307,Umbrella LTDA,Carl Branch,male,56
1308,Umbrella LTDA,Yolanda Perry,female,25
1310,Umbrella LTDA,Billy Polly,male,46
1311,Umbrella LTDA,Timothy Boyce,male,65
1312,Umbrella LTDA,Matthew Eskridge,male,38
1313,Umbrella LTDA,Milton Thompson,male,61
1314,Umbrella LTDA,Janet Bufkin,female,43
1315,Umbrella LTDA,Annabel Loughran,female,23
1316,Umbrella LTDA,Joseph Colvin,male,50
1320,Umbrella LTDA,Trevor Robinson,male,26
1323,Umbrella LTDA,Helen Warner,female,24
1325,Umbrella LTDA,Doris Wendt,female,51
1326,Umbrella LTDA,Phillip Sarni,male,60
1327,Umbrella LTDA,Joseph Mccoy,male,42
1328,Umbrella LTDA,Cheryl Avila,female,51
1329,Umbrella LTDA,Alva Johnson,male,59
1331,Umbrella LTDA,Nathan Kyle,male,37
1332,Umbrella LTDA,Kimberly Jessica,female,37
1333,Umbrella LTDA,Misty Littlefield,female,21
1334,Umbrella LTDA,Tina Lancaster,female,60
1335,Umbrella LTDA,Albert Garroutte,male,23
1336,Umbrella LTDA,Kim Shores,female,40
1337,Umbrella LTDA,James Gimenez,male,28
1338,Umbrella LTDA,Viola Agosta,female,52
1339,Umbrella LTDA,Paul Rodriguez,male,35
